,open,high,low,close,adjclose,volume,ticker,adjclose_15,true_adjclose_15,buy_profit,sell_profit
2014-11-13,427.27301025390625,457.0929870605469,401.12298583984375,420.7349853515625,420.7349853515625,58945000.0,BTC-USD,375.12247,376.4469909667969,0.0,44.287994384765625
2014-11-15,399.6499938964844,405.52801513671875,371.00799560546875,376.13299560546875,376.13299560546875,15727500.0,BTC-USD,366.15677,378.0469970703125,0.0,-1.91400146484375
2014-11-21,357.8789978027344,357.8789978027344,344.11199951171875,350.8479919433594,350.8479919433594,29850100.0,BTC-USD,238.088,374.7850036621094,0.0,-23.93701171875
2014-11-22,351.60400390625,364.84100341796875,350.87799072265625,352.9200134277344,352.9200134277344,15273000.0,BTC-USD,225.66527,375.0950012207031,0.0,-22.17498779296875
2014-11-24,366.947998046875,387.2090148925781,366.66900634765625,376.9010009765625,376.9010009765625,30930100.0,BTC-USD,239.33644,352.218994140625,0.0,24.6820068359375
2014-11-29,376.1520080566406,387.60101318359375,372.1449890136719,375.4909973144531,375.4909973144531,15375600.0,BTC-USD,325.5914,351.6319885253906,0.0,23.8590087890625
2014-12-06,376.7569885253906,378.447998046875,370.94500732421875,374.7850036621094,374.7850036621094,7009320.0,BTC-USD,334.61203,320.8429870605469,0.0,53.9420166015625
2014-12-07,374.83599853515625,376.2919921875,373.2749938964844,375.0950012207031,375.0950012207031,6491650.0,BTC-USD,327.14044,331.885986328125,0.0,43.209014892578125
2014-12-08,374.9649963378906,376.02899169921875,361.885986328125,361.90899658203125,361.90899658203125,18898700.0,BTC-USD,316.6105,334.5719909667969,0.0,27.337005615234375
2014-12-19,311.1789855957031,318.5329895019531,306.7690124511719,317.8429870605469,317.8429870605469,23823100.0,BTC-USD,233.39429,281.0820007324219,0.0,36.760986328125
2014-12-20,317.6189880371094,330.32501220703125,316.04400634765625,329.95599365234375,329.95599365234375,20856700.0,BTC-USD,236.67282,264.19500732421875,0.0,65.760986328125
2014-12-21,329.5429992675781,329.6289978027344,318.90301513671875,320.8429870605469,320.8429870605469,15207600.0,BTC-USD,245.45023,274.4739990234375,0.0,46.368988037109375
2014-12-25,322.2860107421875,322.6700134277344,316.9580078125,319.00799560546875,319.00799560546875,9883640.0,BTC-USD,285.38794,290.4079895019531,0.0,28.600006103515625
2014-12-26,319.1520080566406,331.42401123046875,316.62701416015625,327.92401123046875,327.92401123046875,16410500.0,BTC-USD,285.8778,274.7959899902344,0.0,53.128021240234375
2015-01-02,314.0790100097656,315.8389892578125,313.56500244140625,315.0320129394531,315.0320129394531,7860650.0,BTC-USD,246.82617,199.25999450683594,0.0,115.77201843261719
2015-01-04,281.14599609375,287.2300109863281,257.61199951171875,264.19500732421875,264.19500732421875,55629100.0,BTC-USD,213.33325,214.86099243164062,0.0,49.334014892578125
2015-01-10,287.3030090332031,288.12701416015625,273.96600341796875,274.7959899902344,274.7959899902344,15264300.0,BTC-USD,213.67209,253.71800231933594,0.0,21.077987670898438
2015-01-18,200.0500030517578,218.69500732421875,194.50599670410156,210.33900451660156,210.33900451660156,30085100.0,BTC-USD,118.33081,238.22900390625,0.0,-27.889999389648438
2015-02-08,227.6929931640625,229.43800354003906,221.07699584960938,223.41200256347656,223.41200256347656,17145200.0,BTC-USD,129.08289,238.89199829101562,0.0,-15.479995727539062
2015-02-12,219.20799255371094,222.19900512695312,217.61399841308594,221.76400756835938,221.76400756835938,15206200.0,BTC-USD,159.18744,253.8280029296875,0.0,-32.063995361328125
2015-02-16,234.8249969482422,239.52099609375,229.02200317382812,233.84300231933594,233.84300231933594,28153700.0,BTC-USD,209.59134,281.7019958496094,0.0,-47.85899353027344
2015-03-03,275.0459899902344,285.7959899902344,268.1610107421875,281.7019958496094,281.7019958496094,50461300.0,BTC-USD,188.0352,256.29901123046875,0.0,25.402984619140625
2015-03-04,281.989990234375,284.2250061035156,268.1260070800781,273.0920104980469,273.0920104980469,41383000.0,BTC-USD,201.69412,260.9280090332031,0.0,12.16400146484375
2015-03-08,276.4330139160156,277.8580017089844,272.56500244140625,274.35400390625,274.35400390625,22067900.0,BTC-USD,208.71654,266.739990234375,0.0,7.614013671875
2015-03-12,296.12701416015625,297.0880126953125,292.4129943847656,294.35400390625,294.35400390625,32585200.0,BTC-USD,219.82707,247.0290069580078,0.0,47.32499694824219
2015-03-13,294.1180114746094,294.49798583984375,285.3370056152344,285.3370056152344,285.3370056152344,31421500.0,BTC-USD,217.47531,252.79800415039062,0.0,32.53900146484375
2015-03-24,266.5769958496094,267.00299072265625,244.15499877929688,245.59500122070312,245.59500122070312,40073700.0,BTC-USD,170.89081,245.02200317382812,0.0,0.572998046875
2015-03-29,252.74000549316406,253.13900756835938,240.85000610351562,242.71299743652344,242.71299743652344,21699400.0,BTC-USD,182.40932,224.58700561523438,0.0,18.125991821289062
2015-04-03,254.29100036621094,255.25799560546875,251.10000610351562,253.69700622558594,253.69700622558594,12493500.0,BTC-USD,193.16875,222.60000610351562,0.0,31.097000122070312
2015-04-30,235.93899536132812,238.96600341796875,232.07899475097656,232.07899475097656,232.07899475097656,18815300.0,BTC-USD,159.43507,236.1529998779297,0.0,-4.074005126953125
2015-05-06,229.66200256347656,239.10499572753906,228.572998046875,237.33399963378906,237.33399963378906,29064400.0,BTC-USD,155.7667,240.34800720214844,0.0,-3.014007568359375
2015-05-21,235.3209991455078,240.968994140625,235.05999755859375,240.34800720214844,240.34800720214844,27003000.0,BTC-USD,159.80333,225.61900329589844,0.0,14.72900390625
2015-05-27,237.2570037841797,237.82400512695312,236.65199279785156,237.4080047607422,237.4080047607422,13829600.0,BTC-USD,166.65755,229.98199462890625,0.0,7.4260101318359375
2015-06-07,222.87899780273438,229.46400451660156,222.83900451660156,228.48899841308594,228.48899841308594,23378400.0,BTC-USD,144.1207,244.29600524902344,0.0,-15.8070068359375
2015-06-08,228.53799438476562,230.95399475097656,227.9290008544922,229.04800415039062,229.04800415039062,28353100.0,BTC-USD,148.41525,240.51499938964844,0.0,-11.466995239257812
2015-06-12,229.9199981689453,232.65199279785156,229.2100067138672,232.40199279785156,232.40199279785156,13305300.0,BTC-USD,160.99391,249.01100158691406,0.0,-16.6090087890625
2015-06-16,250.822998046875,256.8529968261719,246.4759979248047,249.28399658203125,249.28399658203125,43858400.0,BTC-USD,177.39247,255.41200256347656,0.0,-6.1280059814453125
2015-06-18,249.04299926757812,250.9770050048828,243.78700256347656,244.6060028076172,244.6060028076172,23965300.0,BTC-USD,182.21072,260.885986328125,0.0,-16.279983520507812
2015-06-28,248.7209930419922,257.1730041503906,248.58099365234375,257.0639953613281,257.0639953613281,34742900.0,BTC-USD,162.92102,287.4639892578125,0.0,-30.399993896484375
2015-07-02,255.45899963378906,257.0769958496094,253.5050048828125,256.33599853515625,256.33599853515625,19033800.0,BTC-USD,187.45168,274.9010009765625,0.0,-18.56500244140625
2015-07-06,269.9630126953125,271.34100341796875,264.8320007324219,266.2070007324219,266.2070007324219,28857600.0,BTC-USD,200.20833,277.22198486328125,0.0,-11.014984130859375
2015-07-07,265.98199462890625,272.97100830078125,264.385986328125,270.7850036621094,270.7850036621094,36980200.0,BTC-USD,201.16649,276.04901123046875,0.0,-5.264007568359375
2015-07-10,284.8800048828125,298.5060119628906,283.5299987792969,293.114990234375,293.114990234375,41109900.0,BTC-USD,209.94733,292.6860046386719,0.0,0.428985595703125
2015-07-19,273.4989929199219,278.9809875488281,272.9599914550781,278.9809875488281,278.9809875488281,22711400.0,BTC-USD,172.48447,285.2179870605469,0.0,-6.23699951171875
2015-07-30,287.6960144042969,288.9590148925781,282.343994140625,284.6499938964844,284.6499938964844,23629100.0,BTC-USD,228.77414,261.5509948730469,0.0,23.0989990234375
2015-08-01,280.4490051269531,283.0320129394531,277.52899169921875,282.614013671875,282.614013671875,17722200.0,BTC-USD,213.31757,257.97601318359375,0.0,24.63800048828125
2015-08-02,282.8059997558594,285.47100830078125,280.2330017089844,281.22698974609375,281.22698974609375,21474100.0,BTC-USD,206.87769,211.07899475097656,0.0,70.14799499511719
2015-08-08,261.1159973144531,267.00299072265625,260.4679870605469,265.0830078125,265.0830078125,23789600.0,BTC-USD,179.64076,210.4949951171875,0.0,54.5880126953125
2015-08-16,258.489990234375,260.5050048828125,257.11700439453125,257.97601318359375,257.97601318359375,21617900.0,BTC-USD,188.81389,228.12100219726562,0.0,29.855010986328125
2015-08-23,228.11199951171875,228.13900756835938,210.4429931640625,210.4949951171875,210.4949951171875,59220700.0,BTC-USD,149.44403,243.60699462890625,0.0,-33.11199951171875
2015-08-25,222.0760040283203,231.18299865722656,220.20399475097656,225.83099365234375,225.83099365234375,31808000.0,BTC-USD,148.20341,238.4770050048828,0.0,-12.646011352539062
2015-09-04,230.19900512695312,236.14300537109375,229.4429931640625,235.0189971923828,235.0189971923828,20671400.0,BTC-USD,164.89618,231.21200561523438,0.0,3.8069915771484375
2015-09-06,239.9340057373047,242.1060028076172,238.7220001220703,239.8470001220703,239.8470001220703,21192200.0,BTC-USD,167.42987,230.6179962158203,0.0,9.22900390625
2015-09-08,243.4149932861328,244.41600036621094,237.8209991455078,238.16799926757812,238.16799926757812,23635700.0,BTC-USD,169.31824,234.5290069580078,0.0,3.6389923095703125
2015-09-16,229.0760040283203,230.28500366210938,228.92599487304688,229.80999755859375,229.80999755859375,18935400.0,BTC-USD,144.64146,237.29299926757812,0.0,-7.483001708984375
2015-09-19,231.3990020751953,232.36500549316406,230.91000366210938,231.21200561523438,231.21200561523438,14444700.0,BTC-USD,155.1209,240.38299560546875,0.0,-9.170989990234375
2015-09-27,232.83599853515625,239.33900451660156,232.4669952392578,239.14199829101562,239.14199829101562,24713000.0,BTC-USD,175.45163,249.50799560546875,0.0,-10.365997314453125
2015-10-08,242.4980010986328,244.22799682617188,242.1219940185547,243.93099975585938,243.93099975585938,17353100.0,BTC-USD,162.27374,281.65399169921875,0.0,-37.722991943359375
2015-10-19,263.5719909667969,270.8349914550781,263.22698974609375,269.4630126953125,269.4630126953125,30889800.0,BTC-USD,196.09178,411.56298828125,0.0,-142.0999755859375
2015-10-22,273.64898681640625,278.6839904785156,273.5429992675781,276.4960021972656,276.4960021972656,29442500.0,BTC-USD,198.03899,386.48199462890625,0.0,-109.98599243164062
2015-11-07,374.2690124511719,390.58599853515625,372.4330139160156,386.48199462890625,386.48199462890625,56625100.0,BTC-USD,334.86505,324.5360107421875,0.0,61.94598388671875
2015-11-09,374.3240051269531,385.27801513671875,362.8949890136719,380.2569885253906,380.2569885253906,68224400.0,BTC-USD,291.97687,320.0459899902344,0.0,60.21099853515625
2015-11-10,379.9840087890625,381.3869934082031,329.1080017089844,336.8190002441406,336.8190002441406,95797904.0,BTC-USD,262.79764,328.20599365234375,0.0,8.613006591796875
2015-11-13,338.49798583984375,340.91400146484375,326.07501220703125,336.75299072265625,336.75299072265625,52003000.0,BTC-USD,176.63634,357.3810119628906,0.0,-20.628021240234375
2015-11-17,330.36199951171875,338.3500061035156,329.614013671875,335.093994140625,335.093994140625,51001600.0,BTC-USD,208.6214,359.18701171875,0.0,-24.093017578125
2015-11-21,322.0920104980469,328.15899658203125,319.5950012207031,326.927001953125,326.927001953125,28200500.0,BTC-USD,273.8665,388.7829895019531,0.0,-61.855987548828125
2015-11-26,328.3030090332031,366.7569885253906,328.22900390625,352.6839904785156,352.6839904785156,106105000.0,BTC-USD,298.125,451.93798828125,0.0,-99.25399780273438
2015-11-27,351.8609924316406,363.5889892578125,347.8699951171875,358.0419921875,358.0419921875,55179100.0,BTC-USD,309.4611,434.99700927734375,0.0,-76.95501708984375
2015-11-28,357.1409912109375,359.5360107421875,352.1719970703125,357.3810119628906,357.3810119628906,36816600.0,BTC-USD,317.86728,433.7550048828125,0.0,-76.37399291992188
2015-11-30,371.43701171875,382.3630065917969,370.38299560546875,377.3210144042969,377.3210144042969,71701600.0,BTC-USD,327.88138,465.3210144042969,0.0,-88.0
2015-12-03,359.33099365234375,370.2749938964844,357.4119873046875,361.0459899902344,361.0459899902344,50714900.0,BTC-USD,291.42426,463.6159973144531,0.0,-102.57000732421875
2015-12-06,389.55499267578125,402.8089904785156,387.0889892578125,388.7829895019531,388.7829895019531,77762000.0,BTC-USD,270.0932,438.6390075683594,0.0,-49.85601806640625
2015-12-09,414.4410095214844,423.1199951171875,406.2909851074219,417.56298828125,417.56298828125,90917200.0,BTC-USD,304.82132,454.9849853515625,0.0,-37.4219970703125
2015-12-11,415.281005859375,451.93798828125,415.281005859375,451.93798828125,451.93798828125,110944000.0,BTC-USD,336.33957,417.27398681640625,0.0,34.66400146484375
2015-12-12,452.3349914550781,469.1029968261719,410.7409973144531,434.99700927734375,434.99700927734375,131969000.0,BTC-USD,352.93768,422.822998046875,0.0,12.17401123046875
2015-12-25,454.8550109863281,458.30499267578125,452.07501220703125,455.65301513671875,455.65301513671875,39078500.0,BTC-USD,356.27066,447.6109924316406,0.0,8.042022705078125
2015-12-27,416.5140075683594,424.0069885253906,408.88299560546875,422.822998046875,422.822998046875,53591200.0,BTC-USD,345.45483,448.4280090332031,0.0,-25.605010986328125
2016-01-11,448.697998046875,450.6619873046875,443.8550109863281,448.4280090332031,448.4280090332031,40450000.0,BTC-USD,395.2497,392.15301513671875,0.0,56.274993896484375
2016-01-15,430.2550048828125,430.2550048828125,364.33099365234375,364.33099365234375,364.33099365234375,153351008.0,BTC-USD,324.34787,378.2550048828125,0.0,-13.92401123046875
2016-01-17,387.1520080566406,390.9649963378906,380.0920104980469,382.29901123046875,382.29901123046875,45319600.0,BTC-USD,264.8552,373.0559997558594,0.0,9.243011474609375
2016-01-18,381.7330017089844,388.10400390625,376.6650085449219,387.1679992675781,387.1679992675781,54403900.0,BTC-USD,254.19724,374.447998046875,0.0,12.720001220703125
2016-01-28,395.14599609375,395.50201416015625,379.7349853515625,380.28900146484375,380.28900146484375,59247900.0,BTC-USD,367.81223,384.26300048828125,0.0,-3.9739990234375
2016-01-30,378.864990234375,380.9169921875,376.4909973144531,378.2550048828125,378.2550048828125,30284400.0,BTC-USD,348.81525,407.2300109863281,0.0,-28.975006103515625
2016-01-31,378.2929992675781,380.34698486328125,367.8349914550781,368.7669982910156,368.7669982910156,37894300.0,BTC-USD,337.21585,400.18499755859375,0.0,-31.417999267578125
2016-02-04,370.17401123046875,391.6080017089844,369.9930114746094,389.593994140625,389.593994140625,69285504.0,BTC-USD,311.34064,420.7850036621094,0.0,-31.191009521484375
2016-02-08,376.7569885253906,379.8789978027344,373.3340148925781,373.4469909667969,373.4469909667969,47671100.0,BTC-USD,314.63876,420.7359924316406,0.0,-47.28900146484375
2016-02-09,373.4230041503906,377.2460021972656,372.89801025390625,376.02899169921875,376.02899169921875,55318500.0,BTC-USD,312.01193,424.9549865722656,0.0,-48.925994873046875
2016-02-18,416.5719909667969,425.9960021972656,415.63800048828125,422.37298583984375,422.37298583984375,76752600.0,BTC-USD,375.17102,410.9389953613281,0.0,11.433990478515625
2016-02-25,425.0369873046875,427.718994140625,420.4150085449219,424.54400634765625,424.54400634765625,70798000.0,BTC-USD,360.3985,421.69000244140625,0.0,2.85400390625
2016-03-01,437.9169921875,439.65301513671875,432.3190002441406,435.12298583984375,435.12298583984375,74895800.0,BTC-USD,352.92545,417.010986328125,0.0,18.11199951171875
2016-03-21,413.4179992675781,413.4179992675781,410.3810119628906,413.3070068359375,413.3070068359375,61655400.0,BTC-USD,345.85693,424.0299987792969,0.0,-10.722991943359375
2016-03-22,413.1319885253906,418.375,412.531005859375,418.0889892578125,418.0889892578125,66813300.0,BTC-USD,343.19086,423.4129943847656,0.0,-5.324005126953125
2016-03-30,415.2569885253906,418.3689880371094,415.2569885253906,416.72900390625,416.72900390625,60215200.0,BTC-USD,349.83472,429.7130126953125,0.0,-12.9840087890625
2016-03-31,416.760009765625,418.1730041503906,415.83099365234375,417.9599914550781,417.9599914550781,51235700.0,BTC-USD,349.3257,430.5719909667969,0.0,-12.61199951171875
2016-04-01,418.4219970703125,422.08099365234375,418.4219970703125,420.87298583984375,420.87298583984375,45681200.0,BTC-USD,351.04196,427.39898681640625,0.0,-6.5260009765625
2016-04-02,421.1730041503906,421.5799865722656,419.6969909667969,420.90399169921875,420.90399169921875,38053700.0,BTC-USD,354.00766,428.59100341796875,0.0,-7.68701171875
2016-04-03,421.29901123046875,422.3429870605469,419.60101318359375,421.4440002441406,421.4440002441406,50634300.0,BTC-USD,357.21164,435.5090026855469,0.0,-14.06500244140625
2016-04-10,421.87200927734375,422.739013671875,420.5329895019531,422.4830017089844,422.4830017089844,50747500.0,BTC-USD,363.10477,466.0889892578125,0.0,-43.605987548828125
2016-04-11,422.8429870605469,427.2770080566406,422.8429870605469,425.19000244140625,425.19000244140625,70728800.0,BTC-USD,364.0595,444.68701171875,0.0,-19.49700927734375
2016-04-19,435.3240051269531,443.0539855957031,434.406005859375,441.3890075683594,441.3890075683594,72890096.0,BTC-USD,376.4219,447.97601318359375,0.0,-6.587005615234375
2016-04-21,449.68798828125,449.80999755859375,444.1499938964844,445.73699951171875,445.73699951171875,58804400.0,BTC-USD,389.1987,458.5360107421875,0.0,-12.79901123046875
2016-04-25,461.64801025390625,467.9649963378906,461.6210021972656,466.0889892578125,466.0889892578125,78971904.0,BTC-USD,408.2393,452.7279968261719,0.0,13.360992431640625
2016-05-07,458.4289855957031,459.4169921875,455.9830017089844,458.5480041503906,458.5480041503906,40315000.0,BTC-USD,392.68512,444.1549987792969,0.0,14.39300537109375
2016-05-09,460.51800537109375,461.9289855957031,448.9540100097656,450.8949890136719,450.8949890136719,58956100.0,BTC-USD,403.56274,449.5989990234375,0.0,1.295989990234375
2016-05-12,454.8500061035156,457.05499267578125,453.4530029296875,455.6700134277344,455.6700134277344,60845000.0,BTC-USD,401.44293,530.0399780273438,0.0,-74.36996459960938
2016-05-16,454.0090026855469,455.0719909667969,453.6050109863281,453.7829895019531,453.7829895019531,64100300.0,BTC-USD,399.5222,536.9199829101562,0.0,-83.13699340820312
2016-05-18,454.52398681640625,454.63299560546875,438.7149963378906,438.7149963378906,438.7149963378906,96027400.0,BTC-USD,391.4357,569.1939697265625,0.0,-130.47897338867188
2016-05-23,444.2909851074219,447.1000061035156,443.92999267578125,445.9809875488281,445.9809875488281,65783100.0,BTC-USD,370.74356,581.64501953125,0.0,-135.66403198242188
2016-06-05,574.6019897460938,586.469970703125,574.6019897460938,585.5369873046875,585.5369873046875,72138896.0,BTC-USD,524.87555,666.6519775390625,0.0,-81.114990234375
2016-06-08,582.2030029296875,582.2030029296875,570.9509887695312,574.6300048828125,574.6300048828125,71301000.0,BTC-USD,494.98605,665.2990112304688,0.0,-90.66900634765625
2016-06-09,575.8369750976562,579.1270141601562,573.3250122070312,577.469970703125,577.469970703125,66991900.0,BTC-USD,482.56824,665.1229858398438,0.0,-87.65301513671875
2016-06-16,768.4869995117188,775.3560180664062,716.5560302734375,748.9089965820312,748.9089965820312,363320992.0,BTC-USD,706.84326,703.7020263671875,0.0,45.20697021484375
2016-06-28,644.1220092773438,644.6820068359375,628.2839965820312,639.8900146484375,639.8900146484375,142456000.0,BTC-USD,530.0927,658.0780029296875,0.0,-18.18798828125
2016-07-03,658.8040161132812,683.6619873046875,650.5079956054688,683.6619873046875,683.6619873046875,92008400.0,BTC-USD,689.48627,672.8640136718751,-10.797973632812386,0.0
2016-07-11,648.2830200195312,675.2589721679688,646.7789916992188,664.551025390625,664.551025390625,138172992.0,BTC-USD,585.94867,654.3519897460938,0.0,10.19903564453125
2016-07-20,665.22802734375,666.218994140625,660.4149780273438,665.0120239257812,665.0120239257812,60491800.0,BTC-USD,601.37213,575.0430297851562,0.0,89.968994140625
2016-07-23,655.4099731445312,663.1099853515625,652.7930297851562,661.2849731445312,661.2849731445312,118184000.0,BTC-USD,596.3283,591.0540161132812,0.0,70.23095703125
2016-07-26,651.6270141601562,657.4559936523438,648.447021484375,654.3519897460938,654.3519897460938,147460992.0,BTC-USD,607.08655,589.1199951171875,0.0,65.23199462890625
2016-08-02,548.656005859375,573.3599853515625,541.5469970703125,566.35498046875,566.35498046875,207982000.0,BTC-USD,522.6393,574.3179931640625,0.0,-7.9630126953125
2016-08-04,578.281005859375,578.281005859375,569.9819946289062,575.0430297851562,575.0430297851562,66127900.0,BTC-USD,489.93585,581.697021484375,0.0,-6.65399169921875
2016-08-19,576.083984375,582.8179931640625,575.4569702148438,581.697021484375,581.697021484375,45301400.0,BTC-USD,534.98456,608.6339721679688,0.0,-26.93695068359375
2016-08-27,569.8300170898438,574.0380249023438,569.739990234375,573.9119873046875,573.9119873046875,86301600.0,BTC-USD,521.63696,608.2429809570312,0.0,-34.33099365234375
2016-09-07,614.635009765625,628.77001953125,613.843994140625,626.3159790039062,626.3159790039062,86713000.0,BTC-USD,609.5346,602.8419799804688,0.0,23.4739990234375
2016-09-08,626.3519897460938,626.8300170898438,620.2630004882812,622.8610229492188,622.8610229492188,64550200.0,BTC-USD,613.62866,602.625,0.0,20.23602294921875
2016-09-10,623.4240112304688,628.8179931640625,600.5059814453125,606.718994140625,606.718994140625,73610800.0,BTC-USD,603.76776,608.0430297851562,0.0,-1.32403564453125
2016-09-18,609.8709716796875,610.9320068359375,608.27001953125,609.2269897460938,609.2269897460938,54796400.0,BTC-USD,538.78876,610.2039794921875,0.0,-0.97698974609375
2016-09-19,609.2540283203125,609.5250244140625,607.93798828125,608.31201171875,608.31201171875,72710896.0,BTC-USD,543.1259,612.510986328125,0.0,-4.198974609375
2016-09-25,600.8070068359375,608.1430053710938,600.3489990234375,608.0430297851562,608.0430297851562,59153800.0,BTC-USD,562.8111,641.072021484375,0.0,-33.02899169921875
2016-09-28,605.0189819335938,606.823974609375,604.8480224609375,605.6929931640625,605.6929931640625,55658600.0,BTC-USD,577.8369,640.3779907226562,0.0,-34.68499755859375
2016-10-03,612.052001953125,612.0540161132812,609.47900390625,610.2039794921875,610.2039794921875,49801600.0,BTC-USD,580.0901,630.52001953125,0.0,-20.3160400390625
2016-10-09,616.822021484375,621.3179931640625,616.197021484375,618.9940185546875,618.9940185546875,67481104.0,BTC-USD,564.6733,657.5880126953125,0.0,-38.593994140625
2016-10-12,636.030029296875,638.8330078125,635.0289916992188,636.7860107421875,636.7860107421875,61620700.0,BTC-USD,583.8578,689.6510009765625,0.0,-52.864990234375
2016-10-15,639.0830078125,642.8980102539062,638.9010009765625,641.6309814453125,641.6309814453125,40298100.0,BTC-USD,594.7403,700.9719848632812,0.0,-59.34100341796875
2016-10-29,714.1179809570312,714.1179809570312,696.4749755859375,701.864013671875,701.864013671875,100665000.0,BTC-USD,681.87274,705.02099609375,0.0,-3.156982421875
2016-11-02,730.0659790039062,740.8289794921875,722.3489990234375,740.8289794921875,740.8289794921875,84865200.0,BTC-USD,696.7875,740.9769897460938,0.0,-0.14801025390625
2016-11-03,742.3460083007812,745.7730102539062,678.156005859375,688.7000122070312,688.7000122070312,172808000.0,BTC-USD,690.5246,751.5850219726562,62.885009765625,0.0
2016-11-06,703.81201171875,714.2579956054688,699.5599975585938,711.52197265625,711.52197265625,59902200.0,BTC-USD,641.47925,739.2479858398438,0.0,-27.72601318359375
2016-11-07,710.7360229492188,710.7360229492188,699.9030151367188,703.1309814453125,703.1309814453125,65047100.0,BTC-USD,632.5273,751.3469848632812,0.0,-48.21600341796875
2016-11-17,744.8759765625,755.64501953125,739.510986328125,740.9769897460938,740.9769897460938,108579000.0,BTC-USD,687.6746,777.9439697265625,0.0,-36.96697998046875
2016-11-18,740.7050170898438,752.8820190429688,736.8900146484375,751.5850219726562,751.5850219726562,87363104.0,BTC-USD,710.3875,771.155029296875,0.0,-19.57000732421875
2016-11-20,751.8790283203125,755.47998046875,717.9439697265625,731.0260009765625,731.0260009765625,154116000.0,BTC-USD,734.48224,758.7000122070312,27.67401123046875,0.0
2016-11-22,739.6430053710938,753.8699951171875,736.5269775390625,751.3469848632812,751.3469848632812,129906000.0,BTC-USD,727.529,768.1320190429688,0.0,-16.7850341796875
2016-11-24,744.6199951171875,746.8319702148438,733.489990234375,740.2890014648438,740.2890014648438,85919296.0,BTC-USD,715.4044,772.7940063476562,0.0,-32.5050048828125
2016-11-27,735.43701171875,739.0180053710938,731.0850219726562,732.0349731445312,732.0349731445312,52601800.0,BTC-USD,684.4692,780.0869750976562,0.0,-48.052001953125
2016-11-28,732.4840087890625,738.0059814453125,732.4840087890625,735.81298828125,735.81298828125,61888600.0,BTC-USD,676.04926,780.5560302734375,0.0,-44.7430419921875
2016-12-01,746.0460205078125,758.2750244140625,746.0460205078125,756.7739868164062,756.7739868164062,80461904.0,BTC-USD,678.3959,784.906982421875,0.0,-28.13299560546875
2016-12-08,768.0759887695312,774.697998046875,765.9459838867188,770.8099975585938,770.8099975585938,80111904.0,BTC-USD,733.0514,921.9840087890625,0.0,-151.17401123046875
2016-12-12,770.0399780273438,781.9219970703125,770.0399780273438,780.0869750976562,780.0869750976562,76571000.0,BTC-USD,736.9566,933.197998046875,0.0,-153.11102294921875
2016-12-13,780.64697265625,788.4600219726562,777.9619750976562,780.5560302734375,780.5560302734375,81645600.0,BTC-USD,739.8884,975.9210205078125,0.0,-195.364990234375
2016-12-16,778.9630126953125,785.031982421875,778.9630126953125,784.906982421875,784.906982421875,83608200.0,BTC-USD,742.37335,963.7429809570312,0.0,-178.83599853515625
2016-12-21,800.6439819335938,834.281005859375,799.405029296875,834.281005859375,834.281005859375,155576000.0,BTC-USD,768.5401,1013.3800048828125,0.0,-179.0989990234375
2016-12-27,908.35400390625,940.0479736328125,904.2550048828125,933.197998046875,933.197998046875,167308000.0,BTC-USD,924.24396,777.7570190429688,0.0,155.44097900390625
2016-12-30,972.5349731445312,972.5349731445312,934.8330078125,961.2379760742188,961.2379760742188,187474000.0,BTC-USD,954.39233,818.4119873046875,0.0,142.82598876953125
2017-01-01,963.6580200195312,1003.0800170898438,958.698974609375,998.3250122070312,998.3250122070312,147775008.0,BTC-USD,938.8181,831.5339965820312,0.0,166.791015625
2017-01-05,1156.72998046875,1191.0999755859375,910.4169921875,1013.3800048828125,1013.3800048828125,510199008.0,BTC-USD,1018.12933,895.0260009765625,-118.35400390625,0.0
2017-01-09,913.2440185546875,913.6859741210938,879.8070068359375,902.8280029296875,902.8280029296875,141876992.0,BTC-USD,746.9197,892.68701171875,0.0,10.1409912109375
2017-01-10,902.4400024414062,914.8729858398438,901.0599975585938,907.6790161132812,907.6790161132812,115808000.0,BTC-USD,725.3736,901.5419921875,0.0,6.13702392578125
2017-01-19,888.3350219726562,904.614013671875,884.3380126953125,899.072998046875,899.072998046875,105625000.0,BTC-USD,974.89105,1029.9100341796875,130.8370361328125,0.0
2017-01-21,895.5490112304688,927.3670043945312,895.5349731445312,921.7890014648438,921.7890014648438,111158000.0,BTC-USD,1048.054,1027.3399658203125,105.55096435546875,0.0
2017-01-30,920.1510009765625,923.0479736328125,919.4739990234375,920.3820190429688,920.3820190429688,78227296.0,BTC-USD,833.16705,1004.5499877929688,0.0,-84.16796875
2017-02-13,998.885009765625,1002.0999755859375,976.0020141601562,990.6420288085938,990.6420288085938,100607000.0,BTC-USD,941.45087,1179.969970703125,0.0,-189.32794189453125
2017-02-15,1006.2100219726562,1008.8400268554688,1001.5800170898438,1007.47998046875,1007.47998046875,89759400.0,BTC-USD,956.1398,1251.010009765625,0.0,-243.530029296875
2017-02-23,1117.27001953125,1176.6199951171875,1116.9599609375,1166.719970703125,1166.719970703125,189454000.0,BTC-USD,1178.3843,1116.719970703125,-50.0,0.0
2017-03-01,1180.0400390625,1222.5,1179.68994140625,1222.5,1222.5,229056992.0,BTC-USD,1186.1407,1187.81005859375,0.0,34.68994140625
2017-03-05,1254.2900390625,1267.2900390625,1238.06005859375,1267.1199951171875,1267.1199951171875,134127000.0,BTC-USD,1223.3883,1054.22998046875,0.0,212.8900146484375
2017-03-06,1267.469970703125,1276.0,1264.5999755859375,1272.8299560546875,1272.8299560546875,153656992.0,BTC-USD,1219.9186,1120.5400390625,0.0,152.2899169921875
2017-03-14,1232.1600341796875,1244.81005859375,1220.719970703125,1240.0,1240.0,245306000.0,BTC-USD,1121.7195,1039.969970703125,0.0,200.030029296875
2017-03-22,1120.6500244140625,1120.6500244140625,1014.2100219726562,1049.1400146484375,1049.1400146484375,380840992.0,BTC-USD,1027.7335,1182.6800537109375,0.0,-133.5400390625
2017-04-02,1102.949951171875,1151.739990234375,1102.949951171875,1143.81005859375,1143.81005859375,580444032.0,BTC-USD,1197.506,1211.6700439453125,67.8599853515625,0.0
2017-04-07,1172.6500244140625,1184.97998046875,1162.5799560546875,1175.949951171875,1175.949951171875,209312000.0,BTC-USD,1198.8572,1207.2099609374998,31.260009765624773,0.0
2017-04-21,1222.7099609375,1235.56005859375,1208.469970703125,1231.7099609375,1231.7099609375,249320000.0,BTC-USD,1252.9829,1596.7099609375,365.0,0.0
2017-04-22,1231.9200439453125,1232.199951171875,1203.93994140625,1207.2099609375,1207.2099609375,258951008.0,BTC-USD,1271.1963,1723.3499755859373,516.1400146484373,0.0
2017-04-24,1250.449951171875,1267.5799560546875,1249.969970703125,1265.489990234375,1265.489990234375,242556000.0,BTC-USD,1311.9254,1787.1300048828125,521.6400146484375,0.0
2017-04-26,1281.8800048828125,1319.699951171875,1281.300048828125,1317.72998046875,1317.72998046875,449196992.0,BTC-USD,1374.1844,1724.239990234375,406.510009765625,0.0
2017-04-29,1321.8699951171875,1347.9100341796875,1314.9200439453125,1347.8900146484375,1347.8900146484375,413115008.0,BTC-USD,1427.771,1738.4300537109375,390.5400390625,0.0
2017-05-04,1540.8699951171875,1618.030029296875,1530.31005859375,1555.449951171875,1555.449951171875,946035968.0,BTC-USD,1603.7279,2084.72998046875,529.280029296875,0.0
2017-05-08,1723.8900146484375,1833.489990234375,1716.300048828125,1755.3599853515625,1755.3599853515625,1167920000.0,BTC-USD,1707.5009,2443.639892578125,0.0,-688.2799072265625
2017-05-14,1808.43994140625,1812.800048828125,1708.5400390625,1738.4300537109375,1738.4300537109375,731529024.0,BTC-USD,1700.0028,2175.469970703125,0.0,-437.0399169921875
2017-05-16,1726.72998046875,1864.050048828125,1661.9100341796875,1839.0899658203125,1839.0899658203125,1064729984.0,BTC-USD,1618.3314,2407.8798828125,0.0,-568.7899169921875
2017-05-26,2196.27001953125,2260.199951171875,1855.8299560546875,2038.8699951171875,2038.8699951171875,1700480000.0,BTC-USD,2439.9326,2958.110107421875,919.2401123046875,0.0
2017-05-27,2054.080078125,2267.340087890625,2054.080078125,2155.800048828125,2155.800048828125,1147139968.0,BTC-USD,2273.1284,2659.6298828125,503.829833984375,0.0
2017-06-07,2720.489990234375,2815.300048828125,2670.949951171875,2805.6201171875,2805.6201171875,1281170048.0,BTC-USD,2949.6409,2744.909912109375,-60.710205078125,0.0
2017-06-12,2680.909912109375,2789.0400390625,2650.3798828125,2717.02001953125,2717.02001953125,1781200000.0,BTC-USD,2840.9043,2574.7900390625,-142.22998046875,0.0
2017-06-17,2655.35009765625,2662.10009765625,2516.330078125,2548.2900390625,2548.2900390625,1178659968.0,BTC-USD,2203.651,2564.06005859375,0.0,-15.77001953125
2017-06-20,2709.429931640625,2772.010009765625,2660.39990234375,2689.10009765625,2689.10009765625,1626579968.0,BTC-USD,2544.9717,2608.56005859375,0.0,80.5400390625
2017-07-12,2402.699951171875,2425.219970703125,2340.830078125,2357.89990234375,2357.89990234375,835769984.0,BTC-USD,2311.4033,2809.010009765625,0.0,-451.110107421875
2017-07-15,1991.97998046875,2058.77001953125,1843.030029296875,1929.8199462890625,1929.8199462890625,1182870016.0,BTC-USD,1970.4948,2875.340087890625,945.5201416015625,0.0
2017-07-20,2838.409912109375,2838.409912109375,2621.85009765625,2667.760009765625,2667.760009765625,1489449984.0,BTC-USD,2841.75,3252.909912109375,585.14990234375,0.0
2017-07-22,2808.10009765625,2832.179931640625,2653.93994140625,2730.39990234375,2730.39990234375,1072840000.0,BTC-USD,3338.2195,3378.9399414062495,648.5400390624995,0.0
2017-07-24,2757.5,2768.080078125,2480.9599609375,2576.47998046875,2576.47998046875,1460089984.0,BTC-USD,3376.7546,3342.469970703125,765.989990234375,0.0
2017-07-26,2538.7099609375,2693.320068359375,2529.340087890625,2671.780029296875,2671.780029296875,789104000.0,BTC-USD,3056.3584,3650.6201171875,978.840087890625,0.0
2017-07-30,2763.239990234375,2889.6201171875,2720.610107421875,2875.340087890625,2875.340087890625,860574976.0,BTC-USD,2836.671,4181.93017578125,0.0,-1306.590087890625
2017-08-01,2727.1298828125,2762.530029296875,2668.590087890625,2710.669921875,2710.669921875,1094950016.0,BTC-USD,2743.678,4331.68994140625,1621.02001953125,0.0
2017-08-04,2897.6298828125,3290.010009765625,2874.830078125,3252.909912109375,3252.909912109375,1945699968.0,BTC-USD,2833.2383,4087.659912109375,0.0,-834.75
2017-08-05,3257.610107421875,3293.2900390625,3155.60009765625,3213.93994140625,3213.93994140625,1105030016.0,BTC-USD,3044.0422,4001.739990234375,0.0,-787.800048828125
2017-08-06,3212.780029296875,3397.679931640625,3180.889892578125,3378.93994140625,3378.93994140625,1482279936.0,BTC-USD,3271.174,4100.52001953125,0.0,-721.580078125
2017-08-10,3373.820068359375,3679.719970703125,3372.1201171875,3650.6201171875,3650.6201171875,2021190016.0,BTC-USD,3772.5073,4352.39990234375,701.77978515625,0.0
2017-08-13,4066.10009765625,4325.1298828125,3989.159912109375,4325.1298828125,4325.1298828125,2463089920.0,BTC-USD,4414.592,4579.02001953125,253.89013671875,0.0
2017-08-24,4332.81982421875,4455.7001953125,4307.35009765625,4371.60009765625,4371.60009765625,1727970048.0,BTC-USD,3886.223,4226.06005859375,0.0,145.5400390625
2017-08-29,4570.35986328125,4626.52001953125,4471.41015625,4565.2998046875,4565.2998046875,1937849984.0,BTC-USD,4526.797,3154.949951171875,0.0,1410.349853515625
2017-09-01,4901.419921875,4975.0400390625,4469.240234375,4578.77001953125,4578.77001953125,2722139904.0,BTC-USD,5062.0767,3582.8798828125,-995.89013671875,0.0
2017-09-05,4376.58984375,4617.25,4376.58984375,4597.1201171875,4597.1201171875,2172100096.0,BTC-USD,4655.6953,3631.0400390625,-966.080078125,0.0
2017-09-10,4122.47021484375,4261.669921875,4099.39990234375,4161.27001953125,4161.27001953125,1557330048.0,BTC-USD,4159.053,3892.35009765625,0.0,268.919921875
2017-09-22,3629.919921875,3819.2099609375,3594.580078125,3792.39990234375,3792.39990234375,928113984.0,BTC-USD,4327.9253,4610.47998046875,818.080078125,0.0
2017-09-24,3681.580078125,3950.25,3681.580078125,3926.070068359375,3926.070068359375,1374210048.0,BTC-USD,4364.7476,4781.990234375,855.920166015625,0.0
2017-09-26,3892.93994140625,4210.0498046875,3884.820068359375,4200.669921875,4200.669921875,1686880000.0,BTC-USD,4544.7666,5446.91015625,1246.240234375,0.0
2017-09-27,4197.1298828125,4279.31005859375,4109.7001953125,4174.72998046875,4174.72998046875,1712320000.0,BTC-USD,4686.591,5647.2099609375,1472.47998046875,0.0
2017-10-03,4319.3701171875,4352.31005859375,4210.419921875,4229.35986328125,4229.35986328125,1116770048.0,BTC-USD,4645.5767,5708.52001953125,1479.16015625,0.0
2017-10-07,4429.669921875,4624.14013671875,4405.64013671875,4610.47998046875,4610.47998046875,1313869952.0,BTC-USD,4270.6895,5930.31982421875,0.0,-1319.83984375
2017-10-12,5464.16015625,5840.2998046875,5436.85009765625,5647.2099609375,5647.2099609375,3615480064.0,BTC-USD,5380.8394,5753.08984375,0.0,-105.8798828125
2017-10-20,5996.7900390625,6194.8798828125,5965.06982421875,6031.60009765625,6031.60009765625,2207099904.0,BTC-USD,6070.5933,7407.41015625,1375.81005859375,0.0
2017-10-28,5754.43994140625,6255.7099609375,5724.580078125,6153.85009765625,6153.85009765625,2859040000.0,BTC-USD,5640.88,6559.490234375,0.0,-405.64013671875
2017-10-31,6132.02001953125,6470.43017578125,6103.330078125,6468.39990234375,6468.39990234375,2311379968.0,BTC-USD,6063.533,7315.5400390625,0.0,-847.14013671875
2017-11-01,6440.97021484375,6767.31005859375,6377.8798828125,6767.31005859375,6767.31005859375,2870320128.0,BTC-USD,6415.528,7871.68994140625,0.0,-1104.3798828125
2017-11-12,6295.4501953125,6625.0498046875,5519.009765625,5950.06982421875,5950.06982421875,8957349888.0,BTC-USD,6398.0977,9818.349609375,3868.27978515625,0.0
2017-11-18,7697.2099609375,7884.990234375,7463.43994140625,7790.14990234375,7790.14990234375,3667190016.0,BTC-USD,7534.628,11323.2001953125,0.0,-3533.05029296875
2017-11-23,8232.3798828125,8267.400390625,8038.77001953125,8038.77001953125,8038.77001953125,4225179904.0,BTC-USD,8784.552,16569.400390625,8530.63037109375,0.0
2017-11-26,8789.0400390625,9522.9296875,8775.58984375,9330.5498046875,9330.5498046875,5475579904.0,BTC-USD,9191.157,16936.80078125,0.0,-7606.2509765625
2017-11-27,9352.7197265625,9818.349609375,9352.7197265625,9818.349609375,9818.349609375,5653320192.0,BTC-USD,9691.489,17415.400390625,0.0,-7597.05078125
2017-11-28,9823.4296875,10125.7001953125,9736.2998046875,10058.7998046875,10058.7998046875,6348819968.0,BTC-USD,10240.872,16408.19921875,6349.3994140625,0.0
2017-12-02,10978.2998046875,11320.2001953125,10905.099609375,11074.599609375,11074.599609375,5138500096.0,BTC-USD,11490.044,19140.80078125,8066.201171875,0.0
2017-12-06,11923.400390625,14369.099609375,11923.400390625,14291.5,14291.5,12656300032.0,BTC-USD,13014.156,15802.900390625,0.0,-1511.400390625
2017-12-15,16601.30078125,18154.099609375,16601.30078125,17706.900390625,17706.900390625,14309999616.0,BTC-USD,19019.652,12952.2001953125,-4754.7001953125,0.0
2017-12-17,19475.80078125,20089.0,18974.099609375,19140.80078125,19140.80078125,13314599936.0,BTC-USD,20589.412,13657.2001953125,-5483.6005859375,0.0
2017-12-19,19118.30078125,19177.80078125,17275.400390625,17776.69921875,17776.69921875,16894499840.0,BTC-USD,21272.684,15201.0,-2575.69921875,0.0
2017-12-21,16642.400390625,17567.69921875,15342.7001953125,15802.900390625,15802.900390625,16516599808.0,BTC-USD,19781.783,17429.5,1626.599609375,0.0
2017-12-24,14608.2001953125,14626.0,12747.7001953125,13925.7998046875,13925.7998046875,11572299776.0,BTC-USD,15493.208,15170.099609375,1244.2998046875,0.0
2017-12-30,14681.900390625,14681.900390625,12350.099609375,12952.2001953125,12952.2001953125,14452599808.0,BTC-USD,14287.085,13772.0,819.7998046875,0.0
2018-01-01,14112.2001953125,14112.2001953125,13154.7001953125,13657.2001953125,13657.2001953125,10291200000.0,BTC-USD,13047.597,11490.5,0.0,2166.7001953125
2018-01-02,13625.0,15444.599609375,13163.599609375,14982.099609375,14982.099609375,16846600192.0,BTC-USD,12920.49,11188.599609375,0.0,3793.5
2018-01-05,15477.2001953125,17705.19921875,15202.7998046875,17429.5,17429.5,23840899072.0,BTC-USD,14807.102,12899.2001953125,0.0,4530.2998046875
2018-01-13,13952.400390625,14659.5,13952.400390625,14360.2001953125,14360.2001953125,12763599872.0,BTC-USD,14053.08,11786.2998046875,0.0,2573.900390625
2018-01-20,11656.2001953125,13103.0,11656.2001953125,12899.2001953125,12899.2001953125,11801700352.0,BTC-USD,10198.068,8277.009765625,0.0,4622.1904296875
2018-02-03,8852.1201171875,9430.75,8251.6298828125,9174.91015625,9174.91015625,7263790080.0,BTC-USD,8880.186,10551.7998046875,0.0,-1376.8896484375
2018-02-12,8141.43017578125,8985.919921875,8141.43017578125,8926.5703125,8926.5703125,6256439808.0,BTC-USD,8966.73,10725.599609375,1799.029296875,0.0
2018-02-14,8599.919921875,9518.5400390625,8599.919921875,9494.6298828125,9494.6298828125,7909819904.0,BTC-USD,9741.435,10951.0,1456.3701171875,0.0
2018-02-22,10660.400390625,11039.099609375,9939.08984375,10005.0,10005.0,8040079872.0,BTC-USD,12236.922,9337.5498046875,-667.4501953125,0.0
2018-02-24,10287.7001953125,10597.2001953125,9546.9697265625,9813.0703125,9813.0703125,6917929984.0,BTC-USD,10867.938,9578.6298828125,-234.4404296875,0.0
2018-02-27,10393.900390625,10878.5,10246.099609375,10725.599609375,10725.599609375,6966179840.0,BTC-USD,9436.273,8269.8095703125,0.0,2455.7900390625
2018-03-06,11500.099609375,11500.099609375,10694.2998046875,10779.900390625,10779.900390625,6832169984.0,BTC-USD,10341.045,8929.2802734375,0.0,1850.6201171875
2018-03-15,8290.759765625,8428.349609375,7783.0498046875,8300.8603515625,8300.8603515625,6834429952.0,BTC-USD,6614.7837,6890.52001953125,0.0,1410.34033203125
2018-03-22,8939.4404296875,9100.7099609375,8564.900390625,8728.4697265625,8728.4697265625,5530390016.0,BTC-USD,8829.575,6636.31982421875,-2092.14990234375,0.0
2018-03-23,8736.25,8879.6201171875,8360.6201171875,8879.6201171875,8879.6201171875,5954120192.0,BTC-USD,9180.102,6911.08984375,-1968.5302734375,0.0
2018-04-04,6848.64990234375,6933.81982421875,6644.7998046875,6811.47021484375,6811.47021484375,5639320064.0,BTC-USD,5948.3105,8845.830078125,0.0,-2034.35986328125
2018-04-06,6630.509765625,7050.5400390625,6630.509765625,6911.08984375,6911.08984375,3976610048.0,BTC-USD,5796.176,8802.4599609375,0.0,-1891.3701171875
2018-04-07,6919.97998046875,7111.56005859375,6919.97998046875,7023.52001953125,7023.52001953125,3652499968.0,BTC-USD,5894.658,8930.8798828125,0.0,-1907.35986328125
2018-04-21,8925.0595703125,9001.6396484375,8779.6103515625,8802.4599609375,8802.4599609375,6629899776.0,BTC-USD,8772.633,9373.009765625,0.0,-570.5498046875
2018-04-23,8934.33984375,9732.6103515625,8927.830078125,9697.5,9697.5,10678800384.0,BTC-USD,8946.724,9325.1796875,0.0,372.3203125
2018-04-24,9701.0302734375,9745.3203125,8799.83984375,8845.740234375,8845.740234375,11083100160.0,BTC-USD,8974.409,9043.9404296875,198.2001953125,0.0
2018-04-27,8939.26953125,9412.08984375,8931.990234375,9348.48046875,9348.48046875,7805479936.0,BTC-USD,8555.98,8723.9404296875,0.0,624.5400390625
2018-04-29,9426.1103515625,9477.1396484375,9166.8095703125,9240.5498046875,9240.5498046875,8673920000.0,BTC-USD,8441.793,8510.3798828125,0.0,730.169921875
2018-05-06,9645.669921875,9665.849609375,9231.5302734375,9373.009765625,9373.009765625,7394019840.0,BTC-USD,8879.283,8041.77978515625,0.0,1331.22998046875
2018-05-11,8441.4404296875,8664.8603515625,8223.5,8504.8896484375,8504.8896484375,6821380096.0,BTC-USD,7930.945,7368.22021484375,0.0,1136.66943359375
2018-05-14,8705.1904296875,8836.1904296875,8456.4501953125,8510.3798828125,8510.3798828125,6705710080.0,BTC-USD,7695.0156,7406.52001953125,0.0,1103.85986328125
2018-05-15,8504.41015625,8508.4296875,8175.490234375,8368.830078125,8368.830078125,6760220160.0,BTC-USD,7687.5425,7494.169921875,0.0,874.66015625
2018-05-31,7500.7001953125,7604.72998046875,7407.33984375,7541.4501953125,7541.4501953125,4921460224.0,BTC-USD,7300.0825,6550.16015625,0.0,991.2900390625
2018-06-07,7685.14013671875,7698.18994140625,7558.39990234375,7624.919921875,7624.919921875,4227579904.0,BTC-USD,7579.0884,6162.47998046875,0.0,1462.43994140625
2018-06-19,6770.759765625,6821.56005859375,6611.8798828125,6776.5498046875,6776.5498046875,3888640000.0,BTC-USD,5894.5674,6639.14013671875,0.0,137.40966796875
2018-06-23,6164.27978515625,6223.77978515625,5826.41015625,6173.22998046875,6173.22998046875,4566909952.0,BTC-USD,5880.895,6741.75,0.0,-568.52001953125
2018-06-28,5898.1298828125,6261.66015625,5835.75,6218.2998046875,6218.2998046875,3966230016.0,BTC-USD,5849.8726,6276.1201171875,0.0,-57.8203125
2018-07-07,6857.7998046875,6885.91015625,6747.97998046875,6773.8798828125,6773.8798828125,3386210048.0,BTC-USD,6892.154,7711.10986328125,937.22998046875,0.0
2018-07-09,6739.2099609375,6767.740234375,6320.72021484375,6329.9501953125,6329.9501953125,4052430080.0,BTC-USD,6673.2827,8181.39013671875,1851.43994140625,0.0
2018-07-15,6357.009765625,6741.75,6357.009765625,6741.75,6741.75,4725799936.0,BTC-USD,5675.358,7780.43994140625,0.0,-1038.68994140625
2018-07-16,6739.64990234375,7387.240234375,6684.169921875,7321.0400390625,7321.0400390625,5961950208.0,BTC-USD,6037.09,7624.91015625,0.0,-303.8701171875
2018-07-21,7417.7998046875,7537.9501953125,7383.81982421875,7418.490234375,7418.490234375,3695460096.0,BTC-USD,7740.0054,6951.7998046875,-466.6904296875,0.0
2018-07-22,7414.7099609375,7771.5,7409.10009765625,7711.10986328125,7711.10986328125,5132480000.0,BTC-USD,7824.888,6753.1201171875,-957.98974609375,0.0
2018-07-28,8205.8203125,8272.259765625,8141.18017578125,8218.4599609375,8218.4599609375,4107190016.0,BTC-USD,8409.375,6297.56982421875,-1920.89013671875,0.0
2018-07-29,8221.580078125,8235.5,7917.5,8180.47998046875,8180.47998046875,5551400000.0,BTC-USD,8298.928,6199.7099609375,-1980.77001953125,0.0
2018-07-30,8181.2001953125,8181.52978515625,7696.93017578125,7780.43994140625,7780.43994140625,5287530000.0,BTC-USD,8076.495,6308.52001953125,-1471.919921875,0.0
2018-08-02,7562.14013671875,7562.14013671875,7328.64990234375,7434.39013671875,7434.39013671875,4627150000.0,BTC-USD,7019.4443,6423.759765625,0.0,1010.63037109375
2018-08-03,7438.669921875,7497.490234375,6984.06982421875,7032.85009765625,7032.85009765625,4268390000.0,BTC-USD,6639.85,6506.06982421875,0.0,526.7802734375
2018-08-06,6958.31982421875,7146.56005859375,6748.240234375,6753.1201171875,6753.1201171875,4682800000.0,BTC-USD,5805.669,6376.7099609375,0.0,376.41015625
2018-08-10,6185.7900390625,6455.740234375,6109.02978515625,6295.72998046875,6295.72998046875,4047850000.0,BTC-USD,5255.077,6707.259765625,0.0,-411.52978515625
2018-08-16,6340.91015625,6582.5,6324.97021484375,6580.6298828125,6580.6298828125,4992990000.0,BTC-USD,6821.7627,7193.25,612.6201171875,0.0
2018-08-22,6371.33984375,6546.5400390625,6371.33984375,6534.8798828125,6534.8798828125,3426180000.0,BTC-USD,7336.368,6467.06982421875,-67.81005859375,0.0
2018-08-24,6719.9501953125,6789.6298828125,6700.9599609375,6763.18994140625,6763.18994140625,3312600000.0,BTC-USD,7293.4185,6300.85986328125,-462.330078125,0.0
2018-08-26,6710.7998046875,6884.64013671875,6689.7099609375,6884.64013671875,6884.64013671875,4019000000.0,BTC-USD,7169.517,6321.2001953125,-563.43994140625,0.0
2018-08-31,7044.81005859375,7242.2900390625,7038.0498046875,7193.25,7193.25,4116050000.0,BTC-USD,6852.061,6517.18017578125,0.0,676.06982421875
2018-09-01,7189.580078125,7306.31005859375,7132.16015625,7272.72021484375,7272.72021484375,4329540000.0,BTC-USD,6818.2246,6281.2001953125,0.0,991.52001953125
2018-09-04,7361.4599609375,7388.43017578125,6792.830078125,6792.830078125,6792.830078125,5800460000.0,BTC-USD,6674.455,6519.669921875,0.0,273.16015625
2018-09-08,6223.3798828125,6446.259765625,6201.22021484375,6300.85986328125,6300.85986328125,3671890000.0,BTC-USD,5263.017,6595.41015625,0.0,-294.55029296875
2018-09-14,6509.39990234375,6561.72021484375,6493.5498046875,6543.2001953125,6543.2001953125,3216300000.0,BTC-USD,6069.293,6625.56005859375,0.0,-82.35986328125
2018-09-20,6513.8701171875,6794.330078125,6496.35986328125,6734.9501953125,6734.9501953125,6531940000.0,BTC-USD,6874.525,6588.31005859375,-146.64013671875,0.0
2018-09-27,6678.75,6785.02978515625,6598.31982421875,6644.1298828125,6644.1298828125,5014430000.0,BTC-USD,6825.407,6285.990234375,-358.1396484375,0.0
2018-09-29,6604.7099609375,6643.77978515625,6566.5400390625,6625.56005859375,6625.56005859375,4002280000.0,BTC-USD,6670.1187,6596.5400390625,-29.02001953125,0.0
2018-10-03,6497.91015625,6603.31005859375,6497.91015625,6576.68994140625,6576.68994140625,3838410000.0,BTC-USD,6289.109,6465.41015625,0.0,111.27978515625
2018-10-05,6622.4501953125,6628.5400390625,6577.7998046875,6588.31005859375,6588.31005859375,3259740000.0,BTC-USD,6229.0044,6482.35009765625,0.0,105.9599609375
2018-10-06,6590.68017578125,6641.490234375,6557.0400390625,6602.9501953125,6602.9501953125,3306630000.0,BTC-USD,6229.661,6487.16015625,0.0,115.7900390625
2018-10-09,6640.2900390625,6640.2900390625,6538.9599609375,6585.52978515625,6585.52978515625,3787650000.0,BTC-USD,6325.1704,6476.2900390625,0.0,109.23974609375
2018-10-17,6542.330078125,6567.5400390625,6450.0400390625,6476.7099609375,6476.7099609375,3924080000.0,BTC-USD,6552.139,6388.43994140625,-88.27001953125,0.0
2018-10-18,6478.06982421875,6493.68017578125,6445.31005859375,6465.41015625,6465.41015625,3578870000.0,BTC-USD,6598.4585,6361.259765625,-104.150390625,0.0
2018-10-19,6460.919921875,6497.72021484375,6449.0,6489.18994140625,6489.18994140625,3379130000.0,BTC-USD,6615.0146,6376.1298828125,-113.06005859375,0.0
2018-10-27,6482.66015625,6502.27978515625,6447.91015625,6486.39013671875,6486.39013671875,3445190000.0,BTC-USD,6477.519,6371.27001953125,0.0,115.1201171875
2018-11-08,6522.27001953125,6536.919921875,6438.52978515625,6453.72021484375,6453.72021484375,4665260000.0,BTC-USD,6440.1567,4347.10986328125,0.0,2106.6103515625
2018-11-12,6411.759765625,6434.2099609375,6360.47021484375,6371.27001953125,6371.27001953125,4295770000.0,BTC-USD,6393.9214,3820.719970703125,-2550.550048828125,0.0
2018-11-16,5645.31982421875,5657.02001953125,5498.93994140625,5575.5498046875,5575.5498046875,5279320000.0,BTC-USD,5450.7437,4214.671875,0.0,1360.8779296875
2018-11-25,3880.780029296875,4120.8701171875,3585.06005859375,4009.969970703125,4009.969970703125,6825640000.0,BTC-USD,3550.5542,3502.656005859375,0.0,507.31396484375
2018-11-28,3822.469970703125,4385.89990234375,3822.469970703125,4257.419921875,4257.419921875,7280280000.0,BTC-USD,3924.2136,3313.67724609375,0.0,943.74267578125
2018-12-05,3958.894775390625,3969.535888671875,3753.994873046875,3753.994873046875,3753.994873046875,5302481574.0,BTC-USD,4994.6245,4134.44140625,380.446533203125,0.0
2018-12-16,3236.274658203125,3305.753173828125,3233.81982421875,3252.839111328125,3252.839111328125,3744248994.0,BTC-USD,3035.288,3742.700439453125,0.0,-489.861328125
2018-12-23,4020.99462890625,4085.7236328125,3976.40576171875,3998.980224609375,3998.980224609375,6151275490.0,BTC-USD,4743.9287,4025.248291015625,26.26806640625,0.0
2018-12-25,4081.030517578125,4089.5615234375,3760.0205078125,3815.49072265625,3815.49072265625,6158207293.0,BTC-USD,4785.7876,4035.29638671875,219.8056640625,0.0
2018-12-30,3822.384765625,3901.908935546875,3797.21923828125,3865.95263671875,3865.95263671875,4770578575.0,BTC-USD,4030.8118,3706.05224609375,-159.900390625,0.0
2019-01-02,3849.21630859375,3947.981201171875,3817.409423828125,3943.409423828125,3943.409423828125,5244856836.0,BTC-USD,3853.394,3678.56396484375,0.0,264.845458984375
2019-01-03,3931.048583984375,3935.68505859375,3826.222900390625,3836.7412109375,3836.7412109375,4530215219.0,BTC-USD,3874.7769,3657.83935546875,-178.90185546875,0.0
2019-01-05,3851.973876953125,3904.903076171875,3836.900146484375,3845.194580078125,3845.194580078125,5137609824.0,BTC-USD,3923.555,3601.013671875,-244.180908203125,0.0
2019-01-18,3677.990478515625,3682.52001953125,3637.080810546875,3657.83935546875,3657.83935546875,5002961727.0,BTC-USD,3973.2432,3521.060791015625,-136.778564453125,0.0
2019-01-19,3652.3779296875,3758.533447265625,3652.3779296875,3728.568359375,3728.568359375,5955691380.0,BTC-USD,4013.682,3464.013427734375,-264.554931640625,0.0
2019-01-22,3575.081298828125,3620.74658203125,3539.721435546875,3604.5771484375,3604.5771484375,5313623556.0,BTC-USD,3949.881,3413.767822265625,-190.809326171875,0.0
2019-01-25,3607.390380859375,3612.927734375,3575.597412109375,3599.765869140625,3599.765869140625,5265847539.0,BTC-USD,3880.7039,3671.20361328125,71.437744140625,0.0
2019-01-27,3604.687255859375,3612.67138671875,3567.245849609375,3583.9658203125,3583.9658203125,5570752966.0,BTC-USD,3888.6628,3648.4306640625,64.46484375,0.0
2019-02-02,3484.6259765625,3523.287353515625,3467.57470703125,3521.060791015625,3521.060791015625,5071623601.0,BTC-USD,3680.916,3673.836181640625,152.775390625,0.0
2019-02-03,3516.1396484375,3521.38818359375,3447.92431640625,3464.013427734375,3464.013427734375,5043937584.0,BTC-USD,3705.8862,3915.71435546875,451.700927734375,0.0
2019-02-07,3414.929443359375,3427.945556640625,3394.218505859375,3399.4716796875,3399.4716796875,5004962683.0,BTC-USD,3694.0493,4005.526611328125,606.054931640625,0.0
2019-02-08,3401.37646484375,3695.614013671875,3391.023681640625,3666.7802734375,3666.7802734375,7735623101.0,BTC-USD,3722.7495,4142.52685546875,475.74658203125,0.0
2019-02-16,3615.270263671875,3652.84130859375,3615.270263671875,3629.78759765625,3629.78759765625,5934744052.0,BTC-USD,3937.6836,3847.17578125,217.38818359375,0.0
2019-02-24,4145.4580078125,4210.6416015625,3793.708984375,3810.427490234375,3810.427490234375,10794227451.0,BTC-USD,4357.139,3905.227294921875,94.7998046875,0.0
2019-02-25,3807.00244140625,3913.707275390625,3807.00244140625,3882.6962890625,3882.6962890625,9318796067.0,BTC-USD,4250.442,3909.15625,26.4599609375,0.0
2019-02-26,3878.697265625,3891.578857421875,3837.986328125,3854.35791015625,3854.35791015625,7931218996.0,BTC-USD,4130.5244,3906.71728515625,52.359375,0.0
2019-03-02,3855.318115234375,3874.607421875,3832.1279296875,3864.4150390625,3864.4150390625,7578786076.0,BTC-USD,3911.7822,4025.22900390625,160.81396484375,0.0
2019-03-04,3845.091552734375,3867.3818359375,3733.749755859375,3761.55712890625,3761.55712890625,9029175788.0,BTC-USD,3925.0034,4071.1901855468745,309.63305664062455,0.0
2019-03-05,3759.83251953125,3903.916748046875,3745.18310546875,3896.375,3896.375,10174126415.0,BTC-USD,3943.2632,4087.476318359375,191.101318359375,0.0
2019-03-07,3903.384765625,3939.373291015625,3894.113037109375,3911.484375,3911.484375,9584165519.0,BTC-USD,4082.8218,4023.96826171875,112.48388671875,0.0
2019-03-09,3894.552490234375,3987.23779296875,3892.390380859375,3963.313720703125,3963.313720703125,10796103518.0,BTC-USD,4229.2734,4022.168212890625,58.8544921875,0.0
2019-03-14,3905.576904296875,3946.50439453125,3901.296875,3924.369140625,3924.369140625,10480789570.0,BTC-USD,4322.8447,4098.37451171875,174.00537109375,0.0
2019-03-15,3926.663330078125,3968.54296875,3914.015380859375,3960.9111328125,3960.9111328125,9394210605.0,BTC-USD,4321.4316,4106.66015625,145.7490234375,0.0
2019-03-18,4029.968505859375,4071.556640625,4009.1171875,4032.50732421875,4032.50732421875,9646954186.0,BTC-USD,4401.2974,4879.8779296875,847.37060546875,0.0
2019-03-26,3969.228759765625,3985.080810546875,3944.753173828125,3985.080810546875,3985.080810546875,10707678815.0,BTC-USD,4167.3755,5324.5517578125,1339.470947265625,0.0
2019-04-02,4879.9580078125,5307.00341796875,4876.62109375,4973.02197265625,4973.02197265625,22899891582.0,BTC-USD,4969.268,5298.3857421875,0.0,-325.36376953125
2019-05-01,5402.4228515625,5522.2626953125,5394.21728515625,5505.28369140625,5505.28369140625,14644460907.0,BTC-USD,5763.5527,7343.8955078125,1838.61181640625,0.0
2019-05-03,5769.20263671875,5886.8935546875,5645.46923828125,5831.16748046875,5831.16748046875,17567780766.0,BTC-USD,6120.419,8197.689453125,2366.52197265625,0.0
2019-05-16,7886.92578125,7929.1455078125,7038.12451171875,7343.8955078125,7343.8955078125,30066644905.0,BTC-USD,8810.973,8564.0166015625,1220.12109375,0.0
2019-05-17,7341.66455078125,7447.27197265625,7251.50439453125,7271.2080078125,7271.2080078125,21354286562.0,BTC-USD,8421.5205,8742.9580078125,1471.75,0.0
2019-05-20,7977.96923828125,8062.16796875,7843.33984375,7963.32763671875,7963.32763671875,25127245056.0,BTC-USD,8040.486,7824.2314453125,-139.09619140625,0.0
2019-05-23,7881.6953125,8140.7197265625,7824.44873046875,7987.37158203125,7987.37158203125,25919126991.0,BTC-USD,7696.284,7954.1279296875,0.0,33.24365234375
2019-05-24,7991.88525390625,8117.92578125,7965.97607421875,8052.5439453125,8052.5439453125,22256813107.0,BTC-USD,7696.034,7688.0771484375,0.0,364.466796875
2019-05-27,8802.7578125,8807.0166015625,8634.7216796875,8719.9619140625,8719.9619140625,24226919267.0,BTC-USD,8496.064,8145.857421875,0.0,574.1044921875
2019-05-28,8718.591796875,8755.8525390625,8482.728515625,8659.4873046875,8659.4873046875,23473479966.0,BTC-USD,8695.89,8230.923828125,-428.5634765625,0.0
2019-06-01,8565.4736328125,8809.3037109375,8561.2353515625,8742.9580078125,8742.9580078125,20266216022.0,BTC-USD,8687.581,9320.3525390625,0.0,-577.39453125
2019-06-04,7704.34326171875,7901.84912109375,7668.66845703125,7824.2314453125,7824.2314453125,21760923463.0,BTC-USD,8014.842,9527.16015625,1702.9287109375,0.0
2019-06-06,7826.9013671875,8126.1533203125,7788.37353515625,8043.951171875,8043.951171875,19141423231.0,BTC-USD,7621.92,10701.69140625,0.0,-2657.740234375
2019-06-09,7692.28466796875,8031.90966796875,7586.73095703125,8000.32958984375,8000.32958984375,18689275117.0,BTC-USD,7668.7495,11790.9169921875,0.0,-3790.58740234375
2019-06-25,11778.5810546875,13796.4892578125,11755.59765625,13016.2314453125,13016.2314453125,45105733173.0,BTC-USD,12816.568,11358.662109375,0.0,1657.5693359375
2019-06-27,11162.16796875,12445.1748046875,10914.4951171875,12407.33203125,12407.33203125,35087757766.0,BTC-USD,13091.506,11392.37890625,-1014.953125,0.0
2019-06-29,11931.9912109375,12178.3837890625,10799.0087890625,10817.1552734375,10817.1552734375,27256473494.0,BTC-USD,12646.249,10895.08984375,77.9345703125,0.0
2019-06-30,10796.9306640625,11206.439453125,10089.314453125,10583.134765625,10583.134765625,29378589324.0,BTC-USD,11917.453,9477.6416015625,-1105.4931640625,0.0
2019-07-05,10982.5439453125,11620.96484375,10982.5439453125,11208.55078125,11208.55078125,21092024306.0,BTC-USD,10571.481,10599.10546875,0.0,609.4453125
2019-07-08,12284.326171875,12779.1318359375,12233.26171875,12573.8125,12573.8125,28167921523.0,BTC-USD,11281.218,9811.92578125,0.0,2761.88671875
2019-07-11,11354.2998046875,11905.4873046875,11179.14453125,11815.986328125,11815.986328125,23534692797.0,BTC-USD,11565.117,9477.677734375,0.0,2338.30859375
2019-07-16,9471.2138671875,9963.134765625,9163.134765625,9693.802734375,9693.802734375,24569921549.0,BTC-USD,9062.175,10399.6689453125,0.0,-705.8662109375
2019-07-20,10777.529296875,10841.8876953125,10389.599609375,10599.10546875,10599.10546875,17130580467.0,BTC-USD,9647.636,11805.6533203125,0.0,-1206.5478515625
2019-07-21,10596.9482421875,10651.791015625,10154.921875,10343.1064453125,10343.1064453125,16334414913.0,BTC-USD,9915.679,11478.1689453125,0.0,-1135.0625
2019-07-22,10346.748046875,10346.748046875,9883.5947265625,9900.767578125,9900.767578125,17851916995.0,BTC-USD,9966.594,11941.96875,2041.201171875,0.0
2019-07-25,9913.126953125,9916.517578125,9717.982421875,9870.3037109375,9870.3037109375,14495714483.0,BTC-USD,9667.363,11354.0244140625,0.0,-1483.720703125
2019-08-01,10402.04296875,10657.953125,10371.013671875,10518.1748046875,10518.1748046875,17489094082.0,BTC-USD,10304.495,10231.744140625,0.0,286.4306640625
2019-08-07,11954.0400390625,11979.419921875,11556.16796875,11966.4072265625,11966.4072265625,19481591730.0,BTC-USD,12764.66,10407.96484375,-1558.4423828125,0.0
2019-08-08,11953.4697265625,11970.4580078125,11709.7451171875,11862.9365234375,11862.9365234375,18339989960.0,BTC-USD,12882.05,10159.9609375,-1702.9755859375,0.0
2019-08-09,11861.556640625,11915.6552734375,11323.8984375,11354.0244140625,11354.0244140625,18125355447.0,BTC-USD,12775.322,10138.517578125,-1215.5068359375,0.0
2019-08-14,10038.421875,10437.4111328125,9675.31640625,10311.5458984375,10311.5458984375,22899115082.0,BTC-USD,10422.742,9598.173828125,-713.3720703125,0.0
2019-08-15,10319.419921875,10524.349609375,9855.478515625,10374.3388671875,10374.3388671875,20228207096.0,BTC-USD,9817.876,9630.6640625,0.0,743.6748046875
2019-08-21,10142.521484375,10232.99609375,9831.462890625,10131.0556640625,10131.0556640625,17097508856.0,BTC-USD,9169.65,10353.302734375,0.0,-222.2470703125
2019-08-27,10203.4267578125,10279.3662109375,9716.65625,9754.4228515625,9754.4228515625,17603790323.0,BTC-USD,9321.555,10410.126953125,0.0,-655.7041015625
2019-08-29,9514.8447265625,9656.1240234375,9428.302734375,9598.173828125,9598.173828125,13595263986.0,BTC-USD,9065.961,10358.048828125,0.0,-759.875
2019-08-30,9597.5390625,9673.220703125,9531.7998046875,9630.6640625,9630.6640625,11454806419.0,BTC-USD,9016.827,10347.712890625,0.0,-717.048828125
2019-09-02,10345.7255859375,10736.1044921875,10308.5478515625,10623.5400390625,10623.5400390625,19384917989.0,BTC-USD,9815.869,10198.248046875,0.0,425.2919921875
2019-09-04,10588.18359375,10627.26953125,10516.41796875,10575.533203125,10575.533203125,14551239508.0,BTC-USD,10683.017,10181.6416015625,-393.8916015625,0.0
2019-09-09,10336.408203125,10394.353515625,10020.5732421875,10115.9755859375,10115.9755859375,14906809639.0,BTC-USD,10701.06,8486.9931640625,-1628.982421875,0.0
2019-09-14,10356.4658203125,10387.03515625,10313.0927734375,10347.712890625,10347.712890625,12043433567.0,BTC-USD,10140.176,8293.8681640625,0.0,2053.8447265625
2019-09-24,8603.4287109375,8744.828125,8325.396484375,8486.9931640625,8486.9931640625,21744728353.0,BTC-USD,8085.1562,8586.4736328125,0.0,-99.48046875
2019-09-25,8487.669921875,8515.685546875,7895.62939453125,8118.9677734375,8118.9677734375,19258205289.0,BTC-USD,7364.601,8321.7568359375,0.0,-202.7890625
2019-09-26,8113.10107421875,8271.5205078125,7965.9228515625,8251.845703125,8251.845703125,16408941156.0,BTC-USD,6797.108,8336.5556640625,0.0,-84.7099609375
2019-09-27,8251.2734375,8285.6171875,8125.431640625,8245.9150390625,8245.9150390625,14141152736.0,BTC-USD,6493.8677,8321.005859375,0.0,-75.0908203125
2019-10-01,8344.212890625,8393.0419921875,8227.6953125,8393.0419921875,8393.0419921875,13125712443.0,BTC-USD,7027.5386,8103.9111328125,0.0,289.130859375
2019-10-09,8585.2802734375,8625.2724609375,8471.93359375,8586.4736328125,8586.4736328125,17618660671.0,BTC-USD,8727.197,8660.7001953125,74.2265625,0.0
2019-10-14,8373.4580078125,8410.71484375,8182.70654296875,8205.369140625,8205.369140625,15220412632.0,BTC-USD,8602.475,9205.7265625,1000.357421875,0.0
2019-10-15,8204.6748046875,8216.8125,7985.08984375,8047.52685546875,8047.52685546875,16071646996.0,BTC-USD,8363.755,9199.5849609375,1152.05810546875,0.0
2019-10-17,8100.93359375,8138.41357421875,7902.1640625,7973.20751953125,7973.20751953125,15651592610.0,BTC-USD,7838.503,9324.7177734375,0.0,-1351.51025390625
2019-10-25,8667.5771484375,10021.744140625,8662.6220703125,9244.97265625,9244.97265625,44496255609.0,BTC-USD,7301.5483,9055.5263671875,0.0,189.4462890625
2019-10-26,9241.70703125,9749.529296875,9112.5419921875,9551.71484375,9551.71484375,32593129501.0,BTC-USD,8022.016,8757.7880859375,0.0,793.9267578125
2019-10-28,9565.1015625,9805.1181640625,9256.1484375,9256.1484375,9256.1484375,30948255332.0,BTC-USD,8679.031,8815.662109375,0.0,440.486328125
2019-10-31,9202.4580078125,9383.1611328125,9028.7177734375,9199.5849609375,9199.5849609375,26583653947.0,BTC-USD,9391.351,8491.9921875,-707.5927734375,0.0
2019-11-05,9413.0048828125,9457.41796875,9256.931640625,9342.52734375,9342.52734375,26198609048.0,BTC-USD,9243.166,8027.26806640625,0.0,1315.25927734375
2019-11-06,9340.8642578125,9423.2373046875,9305.9091796875,9360.8798828125,9360.8798828125,23133895765.0,BTC-USD,9221.9,7642.75,0.0,1718.1298828125
2019-11-11,9056.91796875,9081.279296875,8700.6083984375,8757.7880859375,8757.7880859375,20265510765.0,BTC-USD,8306.769,7218.37109375,0.0,1539.4169921875
2019-11-23,7296.16455078125,7442.2587890625,7151.41796875,7397.796875,7397.796875,21008924418.0,BTC-USD,6763.2495,7564.34521484375,0.0,-166.54833984375
2019-12-05,7253.24169921875,7743.431640625,7232.6767578125,7448.3076171875,7448.3076171875,18816085231.0,BTC-USD,7805.3555,7218.81640625,-229.4912109375,0.0
2020-01-02,7202.55126953125,7212.1552734375,6935.27001953125,6985.47021484375,6985.47021484375,20802083465.0,BTC-USD,7168.0444,8929.0380859375,1943.56787109375,0.0
2020-01-04,7345.37548828125,7427.3857421875,7309.51416015625,7410.65673828125,7410.65673828125,18444271275.0,BTC-USD,7131.645,8706.2451171875,0.0,-1295.58837890625
2020-01-05,7410.45166015625,7544.4970703125,7400.53564453125,7411.3173828125,7411.3173828125,19725074095.0,BTC-USD,7234.6377,8657.642578125,0.0,-1246.3251953125
2020-01-07,7768.68212890625,8178.2158203125,7768.2275390625,8163.6923828125,8163.6923828125,28767291327.0,BTC-USD,7695.155,8680.8759765625,0.0,-517.18359375
2020-01-10,7878.3076171875,8166.55419921875,7726.77490234375,8166.55419921875,8166.55419921875,28714583844.0,BTC-USD,8279.251,8367.84765625,201.29345703125,0.0
2020-01-20,8704.6318359375,8745.5908203125,8560.4736328125,8657.642578125,8657.642578125,26422375678.0,BTC-USD,9000.649,9180.962890625,523.3203125,0.0
2020-01-26,8364.41015625,8602.4013671875,8325.498046875,8596.830078125,8596.830078125,22177678796.0,BTC-USD,8025.583,9856.611328125,0.0,-1259.78125
2020-01-28,8912.5244140625,9358.58984375,8908.447265625,9358.58984375,9358.58984375,34398744403.0,BTC-USD,8396.805,10326.0546875,0.0,-967.46484375
2020-01-29,9357.470703125,9406.431640625,9269.4677734375,9316.6298828125,9316.6298828125,30682598115.0,BTC-USD,8779.566,10214.3798828125,0.0,-897.75
2020-02-03,9344.68359375,9540.3720703125,9248.6337890625,9293.521484375,9293.521484375,30934096509.0,BTC-USD,9627.732,10141.99609375,848.474609375,0.0
2020-02-06,9617.8212890625,9824.619140625,9539.818359375,9729.8017578125,9729.8017578125,37628823716.0,BTC-USD,9636.025,9686.44140625,0.0,43.3603515625
2020-02-10,10115.5595703125,10165.765625,9784.5634765625,9856.611328125,9856.611328125,39386548075.0,BTC-USD,10220.541,9341.705078125,-514.90625,0.0
2020-02-15,10313.8564453125,10341.5556640625,9874.427734375,9889.4248046875,9889.4248046875,43865054831.0,BTC-USD,10463.439,8562.4541015625,-1326.970703125,0.0
2020-02-29,8671.212890625,8775.6318359375,8599.5087890625,8599.5087890625,8599.5087890625,35792392544.0,BTC-USD,8172.912,5392.31494140625,0.0,3207.19384765625
2020-03-02,8563.2646484375,8921.30859375,8532.630859375,8869.669921875,8869.669921875,42857674409.0,BTC-USD,8071.389,5225.62939453125,0.0,3644.04052734375
2020-03-03,8865.3876953125,8901.5986328125,8704.990234375,8787.7861328125,8787.7861328125,42386715821.0,BTC-USD,8220.847,5238.4384765625,0.0,3549.34765625
2020-03-05,8760.28515625,9142.0546875,8757.25390625,9078.7626953125,9078.7626953125,39698054597.0,BTC-USD,8650.683,6198.7783203125,0.0,2879.984375
2020-03-08,8908.2060546875,8914.34375,8105.2529296875,8108.1162109375,8108.1162109375,39973102121.0,BTC-USD,9120.764,6416.31494140625,-1691.80126953125,0.0
2020-03-13,5017.8310546875,5838.11474609375,4106.98095703125,5563.70703125,5563.70703125,74156772075.0,BTC-USD,5696.9985,6242.19384765625,678.48681640625,0.0
2020-03-21,6206.521484375,6378.13525390625,5932.8232421875,6185.06640625,6185.06640625,42494390880.0,BTC-USD,6105.5435,6791.12939453125,0.0,-606.06298828125
2020-03-25,6738.716796875,6892.51123046875,6536.92626953125,6681.06298828125,6681.06298828125,44590107888.0,BTC-USD,8023.053,7302.08935546875,621.0263671875,0.0
2020-03-29,6245.62451171875,6250.46728515625,5920.0859375,5922.04296875,5922.04296875,28373690931.0,BTC-USD,7281.085,6842.427734375,920.384765625,0.0
2020-03-31,6437.3193359375,6612.57373046875,6202.37353515625,6606.7763671875,6606.7763671875,40346426266.0,BTC-USD,6848.951,7116.80419921875,510.02783203125,0.0
2020-04-06,7273.64404296875,7427.939453125,7136.71435546875,7176.41455078125,7176.41455078125,44243482668.0,BTC-USD,6895.113,7117.20751953125,0.0,59.20703125
2020-04-10,6867.4404296875,6926.06982421875,6789.9208984375,6859.0830078125,6859.0830078125,31222085946.0,BTC-USD,6638.3564,7679.8671875,0.0,-820.7841796875
2020-04-17,7092.29150390625,7269.95654296875,7089.2470703125,7257.6650390625,7257.6650390625,32447188386.0,BTC-USD,6352.884,8897.46875,0.0,-1639.8037109375
2020-04-18,7260.92236328125,7280.52197265625,7167.0546875,7189.4248046875,7189.4248046875,31311210215.0,BTC-USD,6658.7476,8912.654296875,0.0,-1723.2294921875
2020-04-19,7186.87353515625,7240.29052734375,6835.5029296875,6881.95849609375,6881.95849609375,37747113936.0,BTC-USD,6866.856,9003.0703125,0.0,-2121.11181640625
2020-05-03,8895.7451171875,8956.90625,8645.0244140625,8912.654296875,8912.654296875,45718796276.0,BTC-USD,9927.557,9729.0380859375,816.3837890625,0.0
2020-05-06,9261.8955078125,9992.6640625,9138.322265625,9951.5185546875,9951.5185546875,61112700562.0,BTC-USD,9967.893,9182.5771484375,-768.94140625,0.0
2020-05-15,9333.240234375,9564.205078125,9260.6943359375,9377.013671875,9377.013671875,36164766408.0,BTC-USD,9186.305,9461.05859375,0.0,-84.044921875
2020-05-16,9374.9296875,9823.001953125,9349.5458984375,9670.7392578125,9670.7392578125,40084250663.0,BTC-USD,9344.9375,10167.2685546875,0.0,-496.529296875
2020-05-25,8909.5859375,8991.9677734375,8757.2939453125,8835.052734375,8835.052734375,29584186947.0,BTC-USD,8832.318,9870.0947265625,0.0,-1035.0419921875
2020-06-02,9533.7607421875,9682.859375,9471.8466796875,9656.7177734375,9656.7177734375,25007459262.0,BTC-USD,10242.778,9411.8408203125,-244.876953125,0.0
2020-06-11,9320.6904296875,9540.4658203125,9285.8515625,9480.84375,9480.84375,22610564515.0,BTC-USD,9583.612,9045.390625,-435.453125,0.0
2020-06-14,9386.03515625,9504.8603515625,8990.17578125,9450.7021484375,9450.7021484375,26699704768.0,BTC-USD,9060.373,9137.9931640625,0.0,312.708984375
2020-06-22,9644.076171875,9670.541015625,9547.2470703125,9629.658203125,9629.658203125,17006433272.0,BTC-USD,9080.917,9428.3330078125,0.0,201.3251953125
2020-07-05,9072.849609375,9375.474609375,9058.6640625,9375.474609375,9375.474609375,17889263252.0,BTC-USD,8894.98,9374.8876953125,0.0,0.5869140625
2020-07-23,9585.5146484375,9623.3369140625,9481.4541015625,9536.892578125,9536.892578125,16552768325.0,BTC-USD,9137.469,11754.0458984375,0.0,-2217.1533203125
2020-07-26,9905.2177734375,11298.2216796875,9903.9697265625,10990.873046875,10990.873046875,35359749590.0,BTC-USD,9841.695,11410.525390625,0.0,-419.65234375
2020-07-30,11110.2109375,11415.8642578125,10987.0537109375,11323.466796875,11323.466796875,23160469766.0,BTC-USD,11551.8545,11865.6982421875,542.2314453125,0.0
2020-08-02,11043.7685546875,11453.0791015625,11012.4150390625,11246.3486328125,11246.3486328125,20271713443.0,BTC-USD,11877.836,11991.2333984375,744.884765625,0.0
2020-08-03,11246.203125,11385.3818359375,11094.1455078125,11205.892578125,11205.892578125,21250197042.0,BTC-USD,11742.876,11758.283203125,552.390625,0.0
2020-08-09,11662.2568359375,12045.140625,11662.2568359375,11878.111328125,11878.111328125,26114112569.0,BTC-USD,11766.492,11366.134765625,0.0,511.9765625
2020-08-12,11588.4052734375,11796.396484375,11216.8720703125,11784.1376953125,11784.1376953125,27522199497.0,BTC-USD,11326.022,11542.5,0.0,241.6376953125
2020-08-13,11772.6591796875,12150.994140625,11685.455078125,11768.87109375,11768.87109375,24237958589.0,BTC-USD,11315.59,11506.865234375,0.0,262.005859375
2020-08-18,11990.884765625,12028.923828125,11687.3330078125,11758.283203125,11758.283203125,24502851117.0,BTC-USD,11677.543,10245.296875,0.0,1512.986328125
2020-08-21,11585.4775390625,11689.4072265625,11448.8056640625,11681.8251953125,11681.8251953125,20224191306.0,BTC-USD,11394.049,10280.3515625,0.0,1401.4736328125
2020-08-27,11325.2958984375,11545.615234375,11316.4228515625,11542.5,11542.5,19807127588.0,BTC-USD,11041.586,10442.1708984375,0.0,1100.3291015625
2020-08-28,11541.0546875,11585.640625,11466.29296875,11506.865234375,11506.865234375,17485597759.0,BTC-USD,11093.39,10323.755859375,0.0,1183.109375
2020-08-29,11508.7138671875,11715.2646484375,11492.3818359375,11711.505859375,11711.505859375,19760127945.0,BTC-USD,11211.15,10680.837890625,0.0,1030.66796875
2020-09-09,10242.330078125,10503.912109375,10238.1357421875,10363.138671875,10363.138671875,54406443211.0,BTC-USD,9500.024,10702.2900390625,0.0,-339.1513671875
2020-09-10,10369.0283203125,10434.9228515625,10140.8369140625,10400.9150390625,10400.9150390625,45201121775.0,BTC-USD,9654.249,10754.4375,0.0,-353.5224609375
2020-09-11,10409.861328125,10578.837890625,10292.38671875,10442.1708984375,10442.1708984375,36750077324.0,BTC-USD,9859.527,10774.4267578125,0.0,-332.255859375
2020-09-19,11095.8701171875,11095.8701171875,10814.4775390625,10938.271484375,10938.271484375,24699523788.0,BTC-USD,11691.644,10804.0009765625,-134.2705078125,0.0
2020-09-30,10785.0107421875,10915.84375,10493.552734375,10623.330078125,10623.330078125,27178227816.0,BTC-USD,10962.493,11322.123046875,698.79296875,0.0
2020-10-04,10688.0341796875,10804.0009765625,10646.443359375,10804.0009765625,10804.0009765625,19385191766.0,BTC-USD,10528.9,11916.3349609375,0.0,-1112.333984375
2020-10-13,11429.0478515625,11539.9775390625,11307.8310546875,11429.5068359375,11429.5068359375,24103426719.0,BTC-USD,11115.823,13437.8828125,0.0,-2008.3759765625
2020-11-03,13550.451171875,13984.9814453125,13325.44140625,13950.30078125,13950.30078125,29869951617.0,BTC-USD,14386.872,17804.005859375,3853.705078125,0.0
2020-11-08,14833.75390625,15637.3203125,14744.1103515625,15479.5673828125,15479.5673828125,26632075029.0,BTC-USD,16304.366,18364.12109375,2884.5537109375,0.0
2020-11-25,19104.41015625,19390.96484375,18581.146484375,18732.12109375,18732.12109375,43710357371.0,BTC-USD,21455.658,18264.9921875,-467.12890625,0.0
2020-12-03,19205.92578125,19566.19140625,18925.78515625,19445.3984375,19445.3984375,31930317405.0,BTC-USD,21855.102,23137.9609375,3692.5625,0.0
2020-12-06,19154.1796875,19390.5,18897.89453125,19345.12109375,19345.12109375,25293775714.0,BTC-USD,22185.754,22803.08203125,3457.9609375,0.0
2020-12-12,18051.3203125,18919.55078125,18046.041015625,18803.65625,18803.65625,21752580802.0,BTC-USD,21154.271,26272.294921875,7468.638671875,0.0
2020-12-18,22806.796875,23238.6015625,22399.8125,23137.9609375,23137.9609375,40387896275.0,BTC-USD,24915.924,32127.267578125,8989.306640625,0.0
2020-12-28,26280.822265625,27389.111328125,26207.640625,27084.80859375,27084.80859375,49056742893.0,BTC-USD,31029.412,33922.9609375,6838.15234375,0.0
2020-12-31,28841.57421875,29244.876953125,28201.9921875,29001.720703125,29001.720703125,46754964848.0,BTC-USD,33343.01,36825.3671875,7823.646484375,0.0
2021-01-17,36163.6484375,36722.3515625,34069.3203125,35791.27734375,35791.27734375,52359854336.0,BTC-USD,41794.8,33537.17578125,-2254.1015625,0.0
2021-01-19,36642.234375,37755.890625,36069.8046875,36069.8046875,36069.8046875,57244195486.0,BTC-USD,41768.87,37472.08984375,1402.28515625,0.0
2021-01-21,35549.3984375,35552.6796875,30250.75,30825.69921875,30825.69921875,75643067688.0,BTC-USD,40578.23,38144.30859375,7318.609375,0.0
2021-01-23,32985.7578125,33360.9765625,31493.16015625,32067.642578125,32067.642578125,48354737975.0,BTC-USD,38899.85,38903.44140625,6835.798828125,0.0
2021-01-28,30441.041015625,31891.30078125,30023.20703125,31649.60546875,31649.60546875,78948162368.0,BTC-USD,37802.35,47504.8515625,15855.24609375,0.0
2021-02-07,39250.19140625,39621.8359375,37446.15234375,38903.44140625,38903.44140625,65500641143.0,BTC-USD,43258.7,54207.3203125,15303.87890625,0.0
2021-02-08,38886.828125,46203.9296875,38076.32421875,46196.46484375,46196.46484375,101467222687.0,BTC-USD,44353.4,48824.42578125,0.0,-2627.9609375
2021-02-12,47877.03515625,48745.734375,46424.9765625,47504.8515625,47504.8515625,76555041196.0,BTC-USD,48657.598,46188.453125,-1316.3984375,0.0
2021-02-16,47944.45703125,50341.1015625,47201.3046875,49199.87109375,49199.87109375,77049582886.0,BTC-USD,49696.023,50538.2421875,1338.37109375,0.0
2021-02-22,57532.73828125,57533.390625,48967.56640625,54207.3203125,54207.3203125,92052420332.0,BTC-USD,53498.61,54824.1171875,0.0,-616.796875
2021-02-28,46194.015625,46716.4296875,43241.6171875,45137.76953125,45137.76953125,53443887451.0,BTC-USD,48430.434,55907.19921875,10769.4296875,0.0
2021-03-09,52272.96875,54824.1171875,51981.83203125,54824.1171875,54824.1171875,50912227385.0,BTC-USD,51779.926,52774.265625,0.0,2049.8515625
2021-03-14,61221.1328125,61597.91796875,59302.31640625,59302.31640625,59302.31640625,43901225564.0,BTC-USD,55349.1,57750.19921875,0.0,1552.1171875
2021-03-16,55840.78515625,56833.1796875,53555.02734375,56804.90234375,56804.90234375,59749798599.0,BTC-USD,54638.895,58918.83203125,0.0,-2113.9296875
2021-03-21,58309.9140625,58767.8984375,56005.6171875,57523.421875,57523.421875,51943414539.0,BTC-USD,54852.184,59057.87890625,0.0,-1534.45703125
2021-03-23,54511.66015625,55985.44140625,53470.6953125,54738.9453125,54738.9453125,56435023914.0,BTC-USD,53950.04,56048.9375,0.0,-1309.9921875
2021-03-24,54710.48828125,57262.3828125,52514.33203125,52774.265625,52774.265625,70567223787.0,BTC-USD,53436.195,58323.953125,5549.6875,0.0
2021-03-25,52726.74609375,53392.38671875,50856.5703125,51704.16015625,51704.16015625,67999812841.0,BTC-USD,52739.59,58245.00390625,6540.84375,0.0
2021-03-27,55137.56640625,56568.21484375,54242.91015625,55973.51171875,55973.51171875,47266542233.0,BTC-USD,52943.51,60204.96484375,0.0,-4231.453125
2021-04-14,63075.1953125,63821.671875,62208.96484375,63314.01171875,63314.01171875,60954381579.0,BTC-USD,56934.348,57750.17578125,0.0,5563.8359375
2021-04-20,56471.12890625,56757.97265625,53695.46875,53906.08984375,53906.08984375,54926612466.0,BTC-USD,53679.137,56396.515625,0.0,-2490.42578125
2021-04-22,51739.80859375,52120.79296875,47714.6640625,51093.65234375,51093.65234375,86668667320.0,BTC-USD,52084.79,58803.77734375,7710.125,0.0
2021-04-23,51143.2265625,51167.5625,48805.28515625,50050.8671875,50050.8671875,49014494781.0,BTC-USD,51451.336,58232.31640625,8181.44921875,0.0
2021-04-24,50052.83203125,50506.01953125,47159.484375,49004.25390625,49004.25390625,46117114240.0,BTC-USD,50864.01,55859.796875,6855.54296875,0.0
2021-04-25,49077.79296875,54288.00390625,48852.796875,54021.75390625,54021.75390625,58284039825.0,BTC-USD,51057.8,56704.57421875,0.0,-2682.8203125
2021-05-07,57352.765625,59464.61328125,56975.2109375,58803.77734375,58803.77734375,65382980634.0,BTC-USD,54464.008,34770.58203125,0.0,24033.1953125
2021-05-10,55847.2421875,56872.54296875,54608.65234375,56704.57421875,56704.57421875,61308396325.0,BTC-USD,54291.363,39294.19921875,0.0,17410.375
2021-05-13,49682.98046875,51438.1171875,48868.578125,49880.53515625,49880.53515625,55737497453.0,BTC-USD,51273.49,34616.06640625,-15264.46875,0.0
2021-05-17,43488.05859375,45812.45703125,42367.83203125,42909.40234375,42909.40234375,56187365084.0,BTC-USD,47833.58,37575.1796875,-5334.22265625,0.0
2021-05-19,36753.66796875,42462.984375,35050.6171875,40782.73828125,40782.73828125,88281943359.0,BTC-USD,44644.15,36894.40625,-3888.33203125,0.0
2021-05-24,38795.78125,39776.3515625,36581.4296875,38402.22265625,38402.22265625,56211915803.0,BTC-USD,42395.168,37345.12109375,-1057.1015625,0.0
2021-05-26,39316.890625,40379.6171875,37247.90234375,38436.96875,38436.96875,43210968721.0,BTC-USD,43452.715,37334.3984375,-1102.5703125,0.0
2021-05-30,35658.59375,37468.25,34241.9453125,37332.85546875,37332.85546875,39009847639.0,BTC-USD,41609.56,40406.26953125,3073.4140625,0.0
2021-06-01,36699.921875,38231.33984375,35966.30859375,37575.1796875,37575.1796875,33070867190.0,BTC-USD,42066.29,38053.50390625,478.32421875,0.0
2021-06-14,40427.16796875,41295.26953125,39609.46875,40406.26953125,40406.26953125,46420149185.0,BTC-USD,43775.89,35040.8359375,-5365.43359375,0.0
2021-06-17,38099.4765625,38187.26171875,35255.85546875,35787.24609375,35787.24609375,36200887275.0,BTC-USD,43275.562,34668.546875,-1118.69921875,0.0
2021-06-22,32515.71484375,34753.41015625,31772.6328125,33723.02734375,33723.02734375,46317108925.0,BTC-USD,39081.684,32877.37109375,-845.65625,0.0
2021-06-26,32287.5234375,34656.12890625,32071.7578125,34649.64453125,34649.64453125,35511640894.0,BTC-USD,38929.656,33155.84765625,-1493.796875,0.0
2021-07-02,33854.421875,34909.26171875,33402.6953125,34668.546875,34668.546875,24383958643.0,BTC-USD,40109.746,31796.810546875,-2871.736328125,0.0
2021-07-08,32861.671875,34042.29296875,32318.880859375,33798.01171875,33798.01171875,27436021028.0,BTC-USD,39613.43,34292.4453125,494.43359375,0.0
2021-07-13,32723.845703125,33061.3984375,31639.125,32822.34765625,32822.34765625,21376531210.0,BTC-USD,39165.883,40008.421875,7186.07421875,0.0
2021-07-22,32305.958984375,33581.55078125,32057.892578125,33581.55078125,33581.55078125,22552046192.0,BTC-USD,38063.902,44555.80078125,10974.25,0.0
2021-07-29,40027.484375,42235.546875,38397.35546875,42235.546875,42235.546875,33072782960.0,BTC-USD,44370.97,47096.9453125,4861.3984375,0.0
2021-08-05,40865.8671875,43271.66015625,39932.1796875,42816.5,42816.5,38226483046.0,BTC-USD,44590.055,48905.4921875,6088.9921875,0.0
2021-08-21,48869.10546875,49471.609375,48199.94140625,49321.65234375,49321.65234375,25370975378.0,BTC-USD,49935.617,52633.53515625,3311.8828125,0.0
2021-08-22,49291.67578125,50482.078125,49074.60546875,49546.1484375,49546.1484375,34305053719.0,BTC-USD,50336.72,46811.12890625,-2735.01953125,0.0
2021-08-24,47727.2578125,49202.87890625,47163.61328125,48960.7890625,48960.7890625,32646349931.0,BTC-USD,50218.215,46391.421875,-2569.3671875,0.0
2021-08-26,46894.5546875,49112.78515625,46394.28125,49058.66796875,49058.66796875,34511076995.0,BTC-USD,49810.707,45201.45703125,-3857.2109375,0.0
2021-09-01,48807.84765625,50343.421875,48652.3203125,49327.72265625,49327.72265625,39508070319.0,BTC-USD,49948.297,47267.51953125,-2060.203125,0.0
2021-09-05,51769.00390625,52700.94140625,51053.6796875,52633.53515625,52633.53515625,38884105426.0,BTC-USD,51442.875,40693.67578125,0.0,11939.859375
2021-09-17,47273.52734375,48791.78125,47087.28515625,48278.36328125,48278.36328125,28575630451.0,BTC-USD,49629.695,48199.953125,-78.41015625,0.0
2021-09-20,43012.234375,43607.609375,39787.609375,40693.67578125,40693.67578125,48701090088.0,BTC-USD,47679.906,55361.44921875,14667.7734375,0.0
2021-09-25,42721.62890625,43919.30078125,40848.4609375,43208.5390625,43208.5390625,30661222077.0,BTC-USD,46510.777,57484.7890625,14276.25,0.0
2021-10-08,53929.78125,55397.9453125,53735.14453125,54968.22265625,54968.22265625,32491211414.0,BTC-USD,53153.656,60930.8359375,0.0,-5962.61328125
